類別,產品名稱,製造商,產品規格,原料,Product ID,Company ID
大豆油,大豆沙拉油,中聯油脂股份有限公司,油罐車,黃豆,aa629296aacb44aeb785e80a8e0d5f92,89480404
葵花油,得意的一天葵花油,佳格,PET瓶[3L],100%純葵花油,4710040000000,22102473
葵花油,得意的一天葵花油,佳格,PET瓶[3.75L],100%純葵花油,4b19072577ad4234808d399fd617f975,22102473
葵花油,得意的一天葵花油,佳格,PET瓶[2L],100%純葵花油,4710040000000,22102473
葵花油,得意的一天葵花油,佳格,PET瓶[3.3L],100%純葵花油,2ac6d130a18f4574878879a1954af128,22102473
葵花油,得意的一天葵花油,佳格,PET瓶[2.6L],100%純葵花油,f04ada69909b49438f19416323e0a6b6,22102473
葵花油,得意的一天葵花油,佳格,PET瓶[3.5L],100%純葵花油,c6d6146e5e574678b750fcc4bd4d88ad,22102473
大豆油,台糖大豆沙拉油,台灣糖業股份有限公司,PET[2.6公升],黃豆,2d390a7b6b9d44c696fa108b1612aba8,3794905
大豆油,台糖大豆沙拉油,台灣糖業股份有限公司,鐵皮[18kg],黃豆,abca1c4d058c4c10bd5a69de719e0303,3794905
大豆油,台糖大豆沙拉油,台灣糖業股份有限公司,PET[3L],黃豆,7ad6880292e44e2d9a7a9fc744e63b23,3794905
大豆油,台糖大豆沙拉油,台灣糖業股份有限公司,鐵皮[18L],黃豆,4ce2cee757d048e0ba0b4b1108954caa,3794905
大豆油,台糖大豆沙拉油,台灣糖業股份有限公司,PET[2L],黃豆,5a57ee75d4c94442ad9d40f895b86a03,3794905
大豆油,台糖烤酥油,台灣糖業股份有限公司,鐵皮[18公升],黃豆,d4daee5909d64d9a96a74db4ba669c7b,3794905
酥油,台糖烤酥油,台灣糖業股份有限公司,PP[2L],黃豆,941ae1d3f81b492aa6aaa792b72b8fd8,3794905
大豆油,台糖紅花籽油,台灣糖業股份有限公司,PET[2L],黃豆,0f91aeb92a3542c99290472907b11070,3794905
大豆油,台糖芥花油,台灣糖業股份有限公司,PET[2公升],黃豆,7cda720dd67e46ba8e3146dcafa4224d,3794905
大豆油,台糖芥花油,台灣糖業股份有限公司,鐵桶[18公升],黃豆,95c8ef1a209746d6b9de652263246a7e,3794905
醬油,味全雙鳳牌陳年醬油,味全食品工業股份有限公司,HDPE桶[5公升],小麥;己二烯酸鉀;苯甲酸鈉;食鹽;黃豆;調味料;醋磺內酯鉀;糖,3b2146897fb9412cb2399b326a3c4f4f,11347802
醬油,味全雙鳳牌陳年醬油,味全食品工業股份有限公司,HDPE桶[10公升],小麥;己二烯酸鉀;苯甲酸鈉;食鹽;黃豆;調味料;醋磺內酯鉀;糖,ede3920d0cb14086b4d443800ed99f44,11347802
醬油,日式和風醬油露--北海道昆布,味全食品工業股份有限公司,玻璃瓶[300ml],北海道昆布萃取液;香菇萃取液;純釀醬油;酒精;調味料;糖;鹽,f56a3f242cd34782be8eb50c64a99337,11347802
醬油,日式和風醬油露--靜岡鰹魚,味全食品工業股份有限公司,玻璃瓶[300ml],昆布萃取液;香菇萃取液;純釀醬油;酒精;精鹽;調味料;糖;靜岡鰹魚萃取液,bf662dc5e8974b75b77b6caf91849700,11347802
醬油,極品醬油露,味全食品工業股份有限公司,PET[0.75L],小麥;食鹽;酒精;黃豆;調味料;糖,4710060000000,11347802
醬油,淬釀醬油露,味全食品工業股份有限公司,玻璃瓶[500毫升],黃豆;小麥;食鹽;糖;酒精;調味料,45f7c77845e74f64b6658160f8266270,11347802
醬油,爭鮮精釀醬油,味全食品工業股份有限公司,PET[1600ml],小麥;食鹽;酒精;黃豆;調味料;糖,4711950000000,11347802
醬油,特級醬油,味全食品工業股份有限公司,HDPE桶[10公升],小麥;苯甲酸鈉;食鹽;黃豆;對?苯甲酸丁酯;調味料;糖,4710060000000,11347802
醬油,特級醬油,味全食品工業股份有限公司,PET[1000ml],小麥;苯甲酸鈉;食鹽;黃豆;對?苯甲酸丁酯;調味料;糖,4710060000000,11347802
醬油,特級醬油,味全食品工業股份有限公司,HDPE桶[5公升],小麥;苯甲酸鈉;食鹽;黃豆;對?苯甲酸丁酯;調味料;糖,4710060000000,11347802
醬油,特製醬油露,味全食品工業股份有限公司,PET[1000ml],小麥;苯甲酸;食鹽;黃豆;調味料;糖,4710040000000,11347802
醬油,甘醇油膏,味全食品工業股份有限公司,玻璃瓶[500毫升],小麥;食鹽;黃豆;對?苯甲酸丁酯;蔗糖素;調味料;澱粉;糖,4710060000000,11347802
醬油,甘醇醬油露,味全食品工業股份有限公司,PET[820毫升],小麥;食鹽;酒精;黃豆;調味料;糖,4710060000000,11347802
醬油,甲級醬油,味全食品工業股份有限公司,HDPE桶[5公升],小麥;己二烯酸鉀;苯甲酸鈉;食鹽;黃豆;調味料;糖,4710060000000,11347802
醬油,甲級醬油,味全食品工業股份有限公司,HDPE桶[10公升],小麥;己二烯酸鉀;苯甲酸鈉;食鹽;黃豆;調味料;糖,4710060000000,11347802
醬油,甲級醬油,味全食品工業股份有限公司,PP[10公升],小麥;苯甲酸鈉;食鹽;黃豆;調味料;醋磺內酯鉀;糖,4710060000000,11347802
醬油,薄鹽醬油露,味全食品工業股份有限公司,玻璃瓶[500毫升],黃豆;小麥;食鹽;糖;酒精;調味料,7850fefb38a1496a861f20d7b67a4c0b,11347802
醬油,醬油露,味全食品工業股份有限公司,PET[1600ml],小麥;食鹽;酒精;黃豆;調味料;糖,4710060000000,11347802
醬油,金牌醬油,味全食品工業股份有限公司,PET[1600ml],小麥;安息香酸;食鹽;黃豆;對?苯甲酸丁酯;調味料;醋磺內酯鉀;糖,4710060000000,11347802
醬油,陳年醬油,味全食品工業股份有限公司,PET[1600ml],小麥;安息香酸;食鹽;黃豆;對?苯甲酸丁酯;調味料;醋磺內酯鉀;糖,4710060000000,11347802
大豆油,大成大豆沙拉油,大統益,鐵罐裝[18Kg],大豆,4710150000000,20927014
大豆油,大成大豆沙拉油,大統益,鐵罐裝[18L],大豆,4710150000000,20927014
大豆油,大成大豆沙拉油,大統益,PE瓶[3L],大豆,4710150000000,20927014
調和油,大成油炸專用油,大統益,鐵罐[18L],大豆;棕櫚油,4710150000000,20927014
調和油,生力大豆沙拉油,大統益,鐵罐[18L],大豆,4714090000000,20927014
調和油,統一OMEGA不飽和健康調合油,大統益,PET[2公升],大豆;葵花原油;橄欖油,ded82b3dba7042539477e17d9064dee1,20927014
大豆油,統一大豆沙拉油,大統益,鐵罐[19.56L],大豆,4710090000000,20927014
葵花油,統一清爽家芥花油,大統益,PET[2公升],芥花原油,4710090000000,20927014
葵花油,統一清爽家葵花油,大統益,PET[3公升],葵花原油,0899ae42c65340a69b366a8c9db522da,20927014
葵花油,統一清爽家葵花油,大統益,PET[2公升],葵花原油,ebc987e73fb04388ac1c3aaf69476120,20927014
大豆油,美食家大豆沙拉油,大統益,鐵罐裝[18L],大豆,4714090000000,20927014
大豆油,美食家大豆沙拉油,大統益,PET[2.6L],大豆,4714090000000,20927014
大豆油,美食家大豆沙拉油,大統益,PET[3L],大豆,4714090000000,20927014
大豆油,美食家大豆沙拉油,大統益,鐵罐裝[18Kg],大豆,4714090000000,20927014
棕櫚油,美食家好炸油,大統益,鐵桶[18L],棕櫚油,4714090000000,20927014
調和油,美食家油炸專用油,大統益,鐵罐[18L],大豆;棕櫚油,4714090000000,20927014
調和油,美食家烘焙專用油,大統益,馬口鐵[18公升],大豆;芥花原油,4714090000000,20927014
芥花油,美食家芥花油,大統益,鐵罐裝[18L],芥花原油,4714090000000,20927014
芥花油,美食家芥花油,大統益,PET[2.6L],芥花原油,4714090000000,20927014
大豆油,金牌大豆沙拉油,大統益,鐵罐裝[18Kg],大豆,4710290000000,20927014
大豆油,金牌大豆沙拉油,大統益,PE瓶[3L],大豆,4710290000000,20927014
大豆油,金牌大豆沙拉油,大統益,鐵罐裝[18L],大豆,4710290000000,20927014
大豆油,金牌大豆沙拉油,大統益,PET[3L],大豆,10a3151559ac48e89dab74f455942ca0,20927014
大豆油,不飽和健康沙拉油,大統長基食品廠股份有限公司,PE[3L],大豆油,4710550000000,52470087
大豆油,大統沙拉油,大統長基食品廠股份有限公司,PET[600cc],大豆油,4710550000000,52470087
大豆油,大統沙拉油,大統長基食品廠股份有限公司,鐵桶[18L],大豆油,4710550000000,52470087
大豆油,大統沙拉油,大統長基食品廠股份有限公司,PET[3.75L],大豆油,4710550000000,52470087
大豆油,大統沙拉油,大統長基食品廠股份有限公司,鐵桶[19.56L],大豆油,41bb1bf51dd84aba8454b0c972c91c7e,52470087
調和油,大統特級芝麻香油,大統長基食品廠股份有限公司,PP[3公升],芝麻;芝麻;大豆油,4710550000000,52470087
調和油,大統特級芝麻香油,大統長基食品廠股份有限公司,PP[3.26公升],芝麻;黃豆原油,bf811d6fb00641739258005d8771905a,52470087
調和油,大統純正香油,大統長基食品廠股份有限公司,玻璃瓶[500cc],芝麻;芝麻;大豆油,4710550000000,52470087
調和油,大統純正香油,大統長基食品廠股份有限公司,玻璃瓶[230cc],芝麻;芝麻;大豆油,4710550000000,52470087
芝麻油,大統胡麻油,大統長基食品廠股份有限公司,玻璃瓶[500cc],芝麻;芝麻,4710550000000,52470087
芝麻油,大統胡麻油,大統長基食品廠股份有限公司,玻璃瓶[230cc],芝麻;芝麻,4710550000000,52470087
芥花油,大統芥花健康調理油,大統長基食品廠股份有限公司,PET [3公升],葵花原油;芥花油,4710550000000,52470087
芥花油,大統芥花油,大統長基食品廠股份有限公司,PET [2.7公升],芥花油,4710550000000,52470087
調和油,大統花生風味特香調和油,大統長基食品廠股份有限公司,PET[3公升],花生;大豆油;芝麻;芝麻,4710550000000,52470087
調和油,大統花生風味特香調和油,大統長基食品廠股份有限公司,PET[2.4公升],花生;大豆油;芝麻,4710550000000,52470087
苦茶油,大統苦茶油,大統長基食品廠股份有限公司,玻璃瓶[500cc],苦茶籽;苦茶籽,4710550000000,52470087
葵花油,大統葵花油,大統長基食品廠股份有限公司,PET [2L],葵花原油,4710550000000,52470087
葵花油,大統葵花油,大統長基食品廠股份有限公司,PET [3.75L],葵花原油,4710550000000,52470087
葵花油,大統葵花油,大統長基食品廠股份有限公司,PET [3.3L],葵花原油,4710550000000,52470087
葵花油,大統葵花油,大統長基食品廠股份有限公司,PET [3L],葵花原油,5745e102418744bba2047216b6dd8c7e,52470087
調和油,大統調和特級胡麻油,大統長基食品廠股份有限公司,PP[3公升],芝麻;芝麻;大豆油,9640017f752a4f90bba3947940e7e539,52470087
調和油,大統香酥耐炸油,大統長基食品廠股份有限公司,鐵桶[18L],棕櫚油;大豆油;芥花油,4710550000000,52470087
調和油,大統高不飽和健康葵花調理油,大統長基食品廠股份有限公司,PET [3公升],葵花原油;大豆油,4710550000000,52470087
棕櫚油,全統極品耐炸油,強冠,鐵桶[18L],精製軟質棕櫚油,73b7d05f1ed6446a8f3e081496dfa954,22965739
調和油,全統清芳油,強冠,鐵桶[18L],精製軟質棕櫚油(I.V60);黃豆油;精製軟質棕櫚油(I.V56),da4eefe3aa24432a9e63835b34a991d3,22965739
酥油,全統烤酥油,強冠,鐵桶[18L],精製軟質棕櫚油(I.V60);抗氧化劑(BHA),4cef74c4c0e8458f99e274ddc773ce23,22965739
酥油,全統酥油,強冠,鐵桶[16kg],精製動物油脂;精製植物油脂;乳化劑;香料;β-胡蘿蔔素;抗氧化劑(BHA),7334578170d242afae4322d4160fc6f3,22965739
酥油,全統酥油(純植物油),強冠,鐵桶[16kg],精製軟質棕櫚油(I.V60);抗氧化劑(BHA),82edfa19c3e04d618350072bafe21704,22965739
乳化油,全統雪白乳化油,強冠,鐵桶[16kg],精製動物油脂;精製植物油脂;乳化劑;抗氧化劑(BHA);抗氧化劑(TBHQ),4cb8f4f4b71d43aaa7dcf7de6badab1d,22965739
棕櫚油,大冠耐炸油(純植物性),強冠,鐵桶[18L],精製軟質棕櫚油,6bbca7e6a0a1454586a46b35c2eca1f8,22965739
醬油,憶霖蒜蓉醬油膏,憶霖企業股份有限公司,PE[3Kg],己二烯酸鉀(防腐劑);苯甲酸鈉(防腐劑);食用澱粉;甜味劑(砂糖);蒜頭;醬油;調味料,9ec9da2b9b144ac4b46ead9a4fd47038,22452132
調和油,寶素齋SUPER 12義式冷壓天然調和健康油,正義股份有限公司,PET[2.4L;3.0L],冷壓橄欖油;抗氧化劑;乳化劑;棕櫚油,af457a91390f4d41b4cfc739a358a923,83728956
調和油,維力清香油,正義股份有限公司,鐵桶[2.4kg],抗氧化劑;乳化劑;芥花油;棕櫚油;豬油,4710990000000,83728956
芝麻油,特級芝麻油,福壽實業股份有限公司,鐵桶[3kg],芝麻油,4710200000000,56192402
芝麻油,特級芝麻油,福壽實業股份有限公司,鐵桶[18kg],芝麻油,4710200000000,56192402
大豆油,福壽大豆沙拉油,福壽實業股份有限公司,PE[3L],大豆沙拉油,4710200000000,56192402
大豆油,福壽大豆沙拉油,福壽實業股份有限公司,鐵桶18Kg],大豆沙拉油,4710200000000,56192402
大豆油,福壽大豆沙拉油,福壽實業股份有限公司,PET[600cc],大豆沙拉油,4710200000000,56192402
大豆油,福壽大豆沙拉油,福壽實業股份有限公司,鐵桶[18L],大豆沙拉油,4710200000000,56192402
調和油,福壽特級耐炸油,福壽實業股份有限公司,鐵桶[18公升],棕櫚油;大豆沙拉油;乳化劑,4710200000000,56192402
調和油,胡麻油,福壽實業股份有限公司,PE瓶[3L],大豆沙拉油;芝麻油,2f1aede154f540b2bc113dff19b3eeb4,56192402
調和油,胡麻油,福壽實業股份有限公司,PE瓶[3kg],大豆沙拉油;芝麻油,36db102002fd49298ebf97b584c7881e,56192402
芝麻油,芝麻油,福壽實業股份有限公司,玻璃瓶[500g],芝麻油,4710200000000,56192402
芝麻油,芝麻油,福壽實業股份有限公司,玻璃瓶[50g],芝麻油,4710200000000,56192402
芝麻油,芝麻油,福壽實業股份有限公司,玻璃瓶[200g],芝麻油,0613e4f502144bbd906424797cf48fef,56192402
芝麻油,芝麻油,福壽實業股份有限公司,玻璃瓶[100g],芝麻油,15de704532e842e292e069010dc16381,56192402
調和油,花生風味調合油,福壽實業股份有限公司,PET[2公升],大豆沙拉油;花生油;香油,4710200000000,56192402
調和油,香油,福壽實業股份有限公司,PE瓶[3kg],大豆沙拉油;芝麻油,3390727c682b4496a29e2aa9d45687fa,56192402
調和油,香油,福壽實業股份有限公司,PE瓶[3L],大豆沙拉油;芝麻油,4710200000000,56192402
調和油,香油,福壽實業股份有限公司,玻璃瓶[200g],大豆沙拉油;芝麻油,4710200000000,56192402
調和油,香油,福壽實業股份有限公司,玻璃瓶[500g],大豆沙拉油;芝麻油,4710200000000,56192402
調和油,香油,福壽實業股份有限公司,玻璃瓶[100g],大豆沙拉油;芝麻油,4710200000000,56192402
棕櫚油,料理達人炸物油,福懋油脂股份有限公司,方型馬口鐵桶[16公升],棕櫚油,4712070000000,22102298
棕櫚油,漢氏益康耐炸油,福懋油脂股份有限公司,方型馬口鐵桶[18公升],棕櫚油;矽樹脂,4712070000000,22102298
調和油,福懋頂級烹調油,福懋油脂股份有限公司,鐵桶[18公升],棕櫚油;大豆油;芥花油;乳化劑;矽樹脂,4712070000000,22102298
調和油,福懋頂級烹調油,福懋油脂股份有限公司,方型馬口鐵桶[18公升],棕櫚油;大豆油;芥花油;乳化劑;矽樹脂,d20db369667147b5b6b7ef0debff47b7,22102298
調和油,義式風味單元不飽和健康調合油,福懋油脂股份有限公司,PET[2L],大豆油;芥花油;維生素E;橄欖油,4712070000000,22102298
調和油,義式風味單元不飽和健康調合油,福懋油脂股份有限公司,PET[2.6L],大豆油;芥花油;維生素E;橄欖油,4712070000000,22102298
調和油,聯福益康巧炸油,福懋油脂股份有限公司,方型馬口鐵桶[18公升],棕櫚油;大豆油,4712070000000,22102298
大豆油,聯福益康沙拉油,福懋油脂股份有限公司,鐵桶[18Kg],大豆沙拉油,4712070000000,22102298
大豆油,聯福益康沙拉油,福懋油脂股份有限公司,鐵桶[18L],大豆沙拉油,5325765505dd48c491406bacf212cbcb,22102298
大豆油,聯福益康沙拉油,福懋油脂股份有限公司,鐵桶[19L],大豆沙拉油,4712070000000,22102298
大豆油,聯福益康耐炸油,福懋油脂股份有限公司,方型馬口鐵桶[19公升],大豆沙拉油,334e55bac00742c4907ffaf490a4eb46,22102298
棕櫚油,聯福益康耐炸油,福懋油脂股份有限公司,方型馬口鐵桶[18公升；19公升],棕櫚油;矽樹脂,2447722c5aff4b7789095fa8f30acd4b,22102298
棕櫚油,聯福益康耐炸油,福懋油脂股份有限公司,方型馬口鐵桶[18公升],棕櫚油;矽樹脂,1ebf546cd0794e5cb91c092bb516422c,22102298
調和油,黃金油切珍寶油,福懋油脂股份有限公司,PET瓶[2.6公升],芥花油;橄欖油;植物固醇,4712070000000,22102298
調和油,黃金油切珍寶油,福懋油脂股份有限公司,PET瓶[2.0公升],芥花油;植物固醇;橄欖油,4712070000000,22102298
醬油,四季高純釀醬油,統萬公司,PET[870ml],黃豆;小麥;食鹽;糖;酒精;調味劑,6e9adbfedd1641f99b6182c82c4630d5,23527408
醬油,四季高純釀醬油,統萬公司,PET[1600ml],小麥;食鹽;酒精;黃豆;調味劑;糖,db000bc6746e49b1b04ce38eccf532ab,23527408
醬油,四季高純釀醬油,統萬公司,PET[1000ml],小麥;食鹽;酒精;黃豆;調味劑;糖,198726ba7f9b46139eb3dc753720c1ad,23527408
醬油,濃色甲等統一醬油,統萬公司,PE桶[6kg],小麥;食鹽;焦糖色素;黃豆;調味劑,181b5e1fcca04096bebb1dc4f3226e16,23527408
醬油,濃色甲等統一醬油,統萬公司,PE桶[12kg],小麥;食鹽;焦糖色素;黃豆;調味劑,46f252407adc4fa0b9dc06c4310ef430,23527408
醬油,濃色甲等統一醬油,統萬公司,PE桶[24kg],小麥;食鹽;焦糖色素;黃豆;調味劑,cc970103380c407bbe25186c68695f45,23527408
醬油,甲等統一醬油,統萬公司,PE桶[6kg],小麥;食鹽;焦糖色素;黃豆;調味劑,a92f252af3a04c2f9166445be3df97b7,23527408
醬油,甲等統一醬油,統萬公司,PET[1000ml],黃豆;小麥;食鹽;糖;酒精;焦糖色素;調味劑,a33bab67a3254d919fa878f6ba33f8c2,23527408
醬油,甲等統一醬油,統萬公司,PET[1600ml],小麥;食鹽;酒精;焦糖色素;黃豆;調味劑;糖,d189be505cc0493883070396aeef0879,23527408
醬油,甲等統一醬油,統萬公司,PE桶[12kg],小麥;食鹽;焦糖色素;黃豆;調味劑,87f72973f14b4b3bb28acb2d3e48280d,23527408
醬油,甲等統一醬油,統萬公司,PET[870ml],小麥;食鹽;酒精;焦糖色素;黃豆;調味劑;糖,f26c061bb72344e48636e5817185d17c,23527408
醬油,甲等統一醬油,統萬公司,PE桶[24kg],小麥;食鹽;焦糖色素;黃豆;調味劑,fddf755c2ca9442aace5584661995314,23527408
醬油,統一乙等油膏,統萬公司,玻璃瓶[300ml],黃豆;小麥;精鹽;糖;粘稠劑;調味劑,77715915f4ee4b01a1ad6eb5da07d777,23527408
醬油,統一四季油膏,統萬公司,PE桶[5.21L(6Kg)],黃豆;小麥;精鹽;糖;粘稠劑;調味劑,58cb9d6d2e1e4950aff2b82c62b7b5d0,23527408
醬油,統一四季油膏,統萬公司,PET[600ml],黃豆;小麥;精鹽;糖;粘稠劑;調味劑,493ad28ba719406ca36ae8b9d389c953,23527408
醬油,統一四季醬油,統萬公司,PET[870ml],黃豆;小麥;食鹽;糖;酒精;調味劑,53b4a463854b426c928b55baee44bd37,23527408
醬油,統一四季醬油,統萬公司,PE桶[5.17L(6Kg)],黃豆;小麥;食鹽;糖;酒精;調味劑,7573aa4cf6de47659c2d7fad3dfcf55f,23527408
醬油,統一四季醬油,統萬公司,PET[1600ml],黃豆;小麥;食鹽;糖;酒精;調味劑,754b351fc2384105aef47a9d736f8d25,23527408
醬油,統一天然醬油,統萬公司,PE桶[12kg],小麥;食鹽;酒精;黃豆;調味劑;糖,f34ce561c6d54fd98235fae9f828434b,23527408
醬油,統一天然醬油,統萬公司,PE桶[6kg],小麥;食鹽;酒精;黃豆;調味劑;糖,ca469df7d14b42acb328112ff3a21012,23527408
醬油,統一天然醬油,統萬公司,PE桶[24kg],小麥;食鹽;酒精;黃豆;調味劑;糖,24f527566abe4fb6b748a3db5335bb6a,23527408
醬油,統一陳年太子醬油,統萬公司,PET[1600ml],黃豆;小麥;食鹽;糖;酒精;調味劑;焦糖色素,9309cd9011bf44f4ab5cda24904fe8f6,23527408
醬油,統一鮮醇醬油,統萬公司,PE桶[10.16L],小麥;天然色素;食鹽;酒精;黃豆;糖,886a1dcee6d5430c97d044242cb40e76,23527408
醬油,龜甲萬原味醬油,統萬公司,PET[1000ml],黃豆;小麥;食鹽;酒精,3203abf70e2343968e53693ae950825d,23527408
醬油,龜甲萬原味醬油,統萬公司,PE桶[6kg],小麥;食鹽;酒精;黃豆,712d4a572289429391d68ee2e46e6f05,23527408
醬油,龜甲萬原味醬油,統萬公司,PE桶[24kg],小麥;食鹽;酒精;黃豆,a745296b7dd34ece84396a330837a528,23527408
醬油,龜甲萬原味醬油,統萬公司,PET[1600ml],小麥;食鹽;酒精;黃豆,bde260e08e7147f58c04229915060251,23527408
醬油,龜甲萬原味醬油,統萬公司,PE桶[12kg],小麥;食鹽;酒精;黃豆,b37be1fe0ba4488594a7bd0faa2178a1,23527408
醬油,龜甲萬原味醬油,統萬公司,PET[870ml],小麥;食鹽;酒精;黃豆,a8c4d4d25edd423c92463af10c06636f,23527408
醬油,龜甲萬尊釀醬油,統萬公司,PET[1600ml],黃豆;小麥;食鹽;糖;酒精;調味劑,eec4fdc1c01740f3b60447ce1abf0393,23527408
醬油,龜甲萬御釀純釀醬油,統萬公司,玻璃瓶[300ml],小麥;食鹽;酒精;黃豆;調味劑;糖,cb5f169d18dc443baa2618a7ad474c8b,23527408
醬油,龜甲萬御釀純釀醬油,統萬公司,玻璃瓶[500ml],黃豆;小麥;食鹽;糖;酒精;調味劑,6fd513d3df3f4d3abdcfcfe0d7332073,23527408
醬油,龜甲萬御釀純釀醬油,統萬公司,玻璃瓶[150ml],小麥;食鹽;酒精;黃豆;調味劑;糖,6552dfacff7648348f5d306e9a28cf34,23527408
醬油,龜甲萬珍釀醬油,統萬公司,PET[1600ml],黃豆;小麥;食鹽;糖;酒精;調味劑,85d6c59fefc24a0388b5b04abc0af6e5,23527408
醬油,龜甲萬甘甜醬油,統萬公司,PET[1600ml],黃豆;小麥;食鹽;糖;酒精;調味劑,bed8b13233624d47942b44d6a6dc365b,23527408
醬油,龜甲萬甘甜醬油,統萬公司,玻璃瓶[500ml],黃豆;小麥;食鹽;糖;酒精;調味劑,b4a2e652b32c4094b914d66c47a1cb4a,23527408
醬油,龜甲萬甘甜醬油,統萬公司,PET[1000ml],小麥;食鹽;酒精;黃豆;調味劑;糖,fec86c8513a646d195f2d35a56e14db0,23527408
醬油,龜甲萬甘醇薄鹽醬油,統萬公司,PET[1600ml],黃豆;小麥;食鹽;糖;酒精;調味劑;醋酸鈉,a9fd2e40e3bb49c88b9e7d7afb26582e,23527408
醬油,龜甲萬甘醇醬油,統萬公司,PET[1600ml],黃豆;小麥;食鹽;糖;酒精;調味劑,2b0f5817f6774163b668ca95d5f8e161,23527408
醬油,龜甲萬甘醇醬油,統萬公司,PE桶[6kg],小麥;食鹽;酒精;黃豆;調味劑;糖,6de0bab502484f698e6049a26c396c39,23527408
醬油,龜甲萬甘醇醬油,統萬公司,玻璃瓶[500ml],黃豆;小麥;食鹽;糖;酒精;調味劑,8f30615c6bdb483292679387b8cef206,23527408
醬油,龜甲萬甘醇醬油,統萬公司,PET[870mll],小麥;食鹽;酒精;黃豆;調味劑;糖,a4382cddb6154832bc5937fd31783338,23527408
醬油,龜甲萬甘醇醬油,統萬公司,玻璃瓶[300ml],小麥;食鹽;酒精;黃豆;調味劑;糖,baea7bdd0ac44b03a36560a37c438436,23527408
醬油,龜甲萬甘醇醬油,統萬公司,PE桶[12kg],小麥;食鹽;酒精;黃豆;調味劑;糖,41d0dea1e141440fb485f044a20606c7,23527408
醬油,龜甲萬甘醇醬油,統萬公司,PET[1000ml],黃豆;小麥;食鹽;糖;酒精;調味劑,4710690000000,23527408
醬油,龜甲萬甘醇醬油,統萬公司,PE桶[24kg],小麥;食鹽;酒精;黃豆;調味劑;糖,9fb92cc2c8204d4e9b7e63791796d074,23527408
醬油,龜甲萬甘醇醬油,統萬公司,PET[150ml],黃豆;小麥;食鹽;糖;酒精;調味劑,dfc72325bfb04979b4ca1aff72baccb4,23527408
醬油,龜甲萬甘醇醬油,統萬公司,玻璃瓶[150ml],小麥;食鹽;酒精;黃豆;調味劑;糖,16c33dfaf4e6402b82900a4cbb215cc5,23527408
醬油,龜甲萬甘醇醬油特製品,統萬公司,PET[1600ml],黃豆;小麥;食鹽;糖;酒精;調味劑,4710690000000,23527408
醬油,龜甲萬甘醇醬油特製品,統萬公司,PET[870ml],小麥;食鹽;酒精;黃豆;調味劑;糖,20185fe32e014d4184c819a58dfe5a1e,23527408
醬油,龜甲萬甘醇醬油特製品,統萬公司,PET[1000ml],小麥;食鹽;酒精;黃豆;調味劑;糖,9c1b923862db4cd1891f972792a8d4d0,23527408
醬油,龜甲萬薄鹽純釀醬油,統萬公司,玻璃瓶[300ml],小麥;食鹽;酒精;黃豆;調味劑;醋酸鈉;糖,aa6446c567744506962e29b246e088d7,23527408
醬油,龜甲萬薄鹽純釀醬油,統萬公司,玻璃瓶[500ml],黃豆;小麥;食鹽;糖;酒精;調味劑;醋酸鈉,f6e8ea07cc244dea84a254063d9f6e9e,23527408
醬油,龜甲萬薄鹽純釀醬油,統萬公司,玻璃瓶[150ml],小麥;食鹽;酒精;黃豆;調味劑;醋酸鈉;糖,df6d011121d545af9276a4b38b1fc4af,23527408
醬油,龜甲萬醬油膏,統萬公司,玻璃瓶[490ml],黃豆;小麥;食鹽;糖;粘稠劑;酒精;調味劑;酵母精粉,dd97d808c24f41b89a18dd5f53b3e306,23527408
醬油,大吟釀香菇素蠔油,萬家香醬園股份有限公司,玻璃瓶[510g],小麥;水;食鹽;香菇粉;黃豆;蔗糖素;調味劑;澱粉A;澱粉B;糖,56c960713a704966947c031748fe80b3,35426782
醬油,甲等萬家香醬油,萬家香醬園股份有限公司,PET[1600ml],水;黃豆;小麥;食鹽;酒精;調味劑,bcf84c77fa5f4ea7b437215e15dc2764,35426782
醬油,甲等萬家香醬油,萬家香醬園股份有限公司,PE[5公升],水;黃豆;小麥;食鹽;酒精;調味劑,24d288b6e5e54cbb81cc1cecf9b66e60,35426782
醬油,萬家香壺底油,萬家香醬園股份有限公司,PET[1600ml],水;黃豆;小麥;食鹽;糖;調味劑;蔗糖素(甜味劑);酒精,65df771249904752a62569668e0de282,35426782
醬油,萬家香壺底油,萬家香醬園股份有限公司,PET[1000ml],水;黃豆;小麥;食鹽;糖;調味劑;蔗糖素(甜味劑);酒精,99eef8cc25e3429985ad8246aba37396,35426782
醬油,萬家香大吟釀甘甜油膏,萬家香醬園股份有限公司,玻璃瓶[450mL],小麥;水;食鹽;黃豆;蔗糖素;調味劑;澱粉;糖,1e4010e996804b12883a1121f7c84edd,35426782
醬油,萬家香大吟釀醬油,萬家香醬園股份有限公司,PET[1000ml],水;黃豆;小麥;食鹽;糖;調味劑;蔗糖素(甜味劑);酒精,a3b4e04c54cf4a8b956673335fceda36,35426782
醬油,萬家香大吟釀醬油,萬家香醬園股份有限公司,PET[1500mL],水;黃豆;小麥;食鹽;糖;調味劑;蔗糖素(甜味劑),6767d9a7eb874fab8e10234f0074c345,35426782
醬油,萬家香極品香菇素蠔油,萬家香醬園股份有限公司,PET[1200g],水;黃豆;小麥;食鹽;糖;調味劑;澱粉A;澱粉B;苯甲酸;香菇粉,6032ac7cb09341b2b1163818fc3f1805,35426782
醬油,萬家香油膏,萬家香醬園股份有限公司,PE[6Kg],水;黃豆;小麥;食鹽;糖;調味劑;澱粉;苯甲酸,7f250413e0eb4cff8e00a7e423c07373,35426782
醬油,萬家香油膏[甲等],萬家香醬園股份有限公司,PE[6Kg],水;黃豆;小麥;食鹽;糖;調味劑;澱粉;苯甲酸,d0dc64cb436d48eabad498d44292ff8e,35426782
醬油,萬家香淡色醬油,萬家香醬園股份有限公司,PET[1000ml],水;黃豆;小麥;食鹽;糖;調味劑;蔗糖素;酒精,6c95825c010e49e2bcc0132a3f3663ce,35426782
醬油,萬家香滴露醬油,萬家香醬園股份有限公司,PET[1600ml],水;黃豆;小麥;食鹽;糖;調味劑;酒精,0b28060eebe84bb2b869ab3efe49c40d,35426782
醬油,萬家香甘露醬油,萬家香醬園股份有限公司,PET[1000mL],水;黃豆;小麥;食鹽;糖;調味劑;酒精,24259b0e7c9c459a9130f7d2e74ca9c2,35426782
醬油,萬家香純釀造油膏,萬家香醬園股份有限公司,PET[1200g],水;黃豆;小麥;食鹽;糖;調味劑;澱粉;苯甲酸,a5cc0f0cbc8241c6a7efa60b00110d6b,35426782
醬油,萬家香金牌醬油,萬家香醬園股份有限公司,PET[1000mL],水;黃豆;小麥;食鹽;糖;酒精;調味劑,88527e0088bb48ee83ebfbe8cd969f3d,35426782
醬油,萬家香陳年醬油,萬家香醬園股份有限公司,PET[1500ml],水;黃豆;小麥;食鹽;糖;調味劑,aa79534ef963444c92e7bc9a876122d8,35426782
醬油,萬家香陳年醬油純釀造,萬家香醬園股份有限公司,PET瓶[1000ml],水;黃豆;小麥;食鹽;糖;調味劑,feb0377155c94fbe9633d6e95818f63d,35426782
醬油,香菇素蠔油,萬家香醬園股份有限公司,PE[4400g],水;黃豆;小麥;食鹽;糖;調味劑;澱粉A;澱粉B;苯甲酸;香菇粉,94289b44009f4b3d97899ae0a51cb107,35426782
醬油,香菇素蠔油,萬家香醬園股份有限公司,玻璃瓶[360g],水;黃豆;小麥;食鹽;糖;調味劑;澱粉A;澱粉B;苯甲酸;香菇粉,696c2b353daf49ce85c8766ca4299001,35426782
醬油,香菇素蠔油,萬家香醬園股份有限公司,PET [1200g],水;黃豆;小麥;食鹽;糖;調味劑;澱粉A;澱粉B;苯甲酸;香菇粉,c68a1d57b3a044af8818ffbfafbc2c2b,35426782
玉米油,豐年玉米胚芽油,豐年豐和企業股份有限公司,PET瓶[3.3L],玉米胚芽原油,54fcd5b6de314cdfba7f1aa4c1ca906d,16635562
玉米油,豐年玉米胚芽油,豐年豐和企業股份有限公司,PET瓶[0.5L],玉米胚芽原油,4712050000000,16635562
玉米油,豐年玉米胚芽油,豐年豐和企業股份有限公司,PET瓶[3.75L],玉米胚芽原油,4712050000000,16635562
玉米油,豐年玉米胚芽油,豐年豐和企業股份有限公司,PET瓶[2.6L],玉米胚芽原油,4712050000000,16635562
玉米油,豐年玉米胚芽油,豐年豐和企業股份有限公司,PET瓶[5.0L],玉米胚芽原油,4712050000000,16635562
醬油,五穀醬油,金蘭食品股份有限公司,玻璃瓶[500ml],甘草萃;紅高梁;食鹽;液糖;黃豆;蓬萊穀;燕麥;蕎麥;薏仁,8548e6520b85446ca4a57db4f8b3dc56,43008609
醬油,大匠作醬油,金蘭食品股份有限公司,PET瓶[1000ml],黃豆;小麥;食鹽;液糖;調味劑0443;甘草萃,d9a6995b19e644dea286e562383af714,43008609
醬油,有機醬油,金蘭食品股份有限公司,玻璃瓶[310mL],有機黃豆;有機小麥;食鹽;有機蔗糖,cc4cb052a7554900b7726135ba12e3a6,43008609
醬油,油膏,金蘭食品股份有限公司,PE桶[24kg],小麥;甘草萃;食鹽;液糖;黃豆;對羥苯甲酸;蔗糖素;調味劑;澱粉;糯米,2c0574dfb5cb4c5fad555a4bf0c3d473,43008609
醬油,油膏,金蘭食品股份有限公司,玻璃瓶[150ml],小麥;甘草酸鈉;食鹽;液糖;黃豆;對羥苯甲酸;蔗糖素;調味劑;澱粉;糯米,adb0fb3618134f9c85751c1be03a5b6f,43008609
醬油,油膏,金蘭食品股份有限公司,玻璃瓶[295ml],黃豆;小麥;食鹽;液糖;澱粉;糯米;蔗糖素;甘草酸鈉;調味劑0443;對羥苯甲酸丁酯,c9c4981ddf4848fbafc245f931cbac36,43008609
醬油,油膏,金蘭食品股份有限公司,PE桶[1gal],黃豆;小麥;食鹽;液糖;澱粉;糯米;蔗糖素;甘草萃;調味劑0443;對羥苯甲酸丁酯,2363462fdfeb4eaba00d9bf29017d4f7,43008609
醬油,油膏,金蘭食品股份有限公司,PET瓶[590ml],黃豆;小麥;食鹽;液糖;澱粉;糯米;蔗糖素;甘草酸鈉;調味劑0443;對羥苯甲酸丁酯,174be205a19047e98337f35ae1973784,43008609
醬油,特級淡色醬油,金蘭食品股份有限公司,PE桶[24kg],黃豆;小麥;食鹽;液糖;調味劑;甘草萃,c2531e385e1b467bae1fa82830eae837,43008609
醬油,特級醬油,金蘭食品股份有限公司,PET瓶[1600ml],小麥;甘草萃;安息香酸鈉;食鹽;核酸;液糖;黃豆,dda2aa01296547e98d9ab0c6205c1cbc,43008609
醬油,特級醬油,金蘭食品股份有限公司,PET瓶[2000ml],黃豆;小麥;食鹽;液糖;調味劑0443;甘草萃;苯甲酸鈉;苯甲酸鈉,fc391b55fa934e1b9367c7de33e59c4c,43008609
醬油,特級醬油,金蘭食品股份有限公司,PET瓶[1000ml],非基因黃豆片;小麥;食鹽;液糖;調味劑0443;甘草萃;苯甲酸鈉,c9693d7dd16548e8bd4d3465764c8fac,43008609
醬油,特製醬油,金蘭食品股份有限公司,PET瓶[1600ml],小麥;甘草萃;安息香酸鈉;食鹽;核酸;液糖;黃豆,b5f0172f7b5d4c5ba0416f225215d75f,43008609
醬油,特製醬油,金蘭食品股份有限公司,PET瓶[5000ml],黃豆;小麥;食鹽;液糖;調味劑0443;甘草萃;苯甲酸鈉,de32394975134f61a8f4fa68a7aebf41,43008609
醬油,特製醬油,金蘭食品股份有限公司,PET瓶[1500ml],黃豆;小麥;食鹽;液糖;調味劑0443;甘草萃;苯甲酸鈉,0f1b67e64f5941109989d6c6cc1b9ad8,43008609
醬油,特製醬油,金蘭食品股份有限公司,PE桶[12kg(10L)],黃豆;小麥;食鹽;液糖;調味劑0443;甘草萃,454b907f1d074b07b61bc8068289876f,43008609
醬油,珍品油膏,金蘭食品股份有限公司,PE桶[5L],黃豆;小麥;食鹽;液糖;澱粉;糯米;蔗糖素;甘草酸鈉;調味劑0443;對羥苯甲酸丁酯,6520da84db8f4d8c9b6f330394c0e615,43008609
醬油,甘醇油膏,金蘭食品股份有限公司,PE桶[5L],黃豆;小麥;食鹽;液糖;澱粉;糯米;蔗糖素;甘草酸鈉;調味劑0443;對羥苯甲酸丁酯,6c6a80656ebc48baaf5879fa76f072e2,43008609
醬油,甘醇油膏,金蘭食品股份有限公司,PET瓶[590ml],黃豆;小麥;食鹽;液糖;澱粉;糯米;蔗糖素;甘草酸鈉;調味劑0443;對羥苯甲酸丁酯,ec6da97070084ce3895d007bfbcb025f,43008609
醬油,甘醇醬油,金蘭食品股份有限公司,PET[1500ml],黃豆;小麥;食鹽;液糖;調味劑0443;甘草萃,6469ab4025bd410ea5d746271a358137,43008609
醬油,甘醇醬油,金蘭食品股份有限公司,PET[1000ml],小麥;甘草萃;非基因黃豆片;食鹽;核酸;液糖,5475893c2c394d0db4bfb4948d91f132,43008609
醬油,甘露醬油,金蘭食品股份有限公司,玻璃瓶[115ml],非基因黃豆片;小麥;食鹽;液糖;調味劑0443;甘草萃,fa9b719bebb644e1aa569ffbe035b26e,43008609
醬油,甘露醬油,金蘭食品股份有限公司,玻璃瓶[500ml],非基因黃豆片;小麥;食鹽;液糖;調味劑0443;甘草萃,a4344406853648f7927d925ab9b79b73,43008609
醬油,甘露醬油,金蘭食品股份有限公司,玻璃瓶[295ml],非基因黃豆片;小麥;食鹽;液糖;調味劑0443;甘草萃,883237c9efb5424585c0260774a53869,43008609
醬油,生抽醬油,金蘭食品股份有限公司,PE桶[1gal],黃豆;小麥;食鹽;液糖;琥珀酸二鈉;甘草萃,2400ce4d13524d7081e646d412bec0ce,43008609
醬油,生抽醬油,金蘭食品股份有限公司,玻璃瓶[295ml(10FL OZ)],小麥;甘草萃;食鹽;核酸;液糖;黃豆,5d962ea789c54e8a98c5c7ba0728df2c,43008609
醬油,生抽醬油,金蘭食品股份有限公司,玻璃瓶[590ml(20FL OZ)],黃豆;小麥;食鹽;液糖;琥珀酸二鈉;甘草萃,754e3e439df44f23ac01a0758cda850a,43008609
醬油,甲等甜醬油,金蘭食品股份有限公司,PE桶[5公升],黃豆;小麥;食鹽;液糖;調味劑;甘草萃,df6079fc0ea9485e81dfa7d95ebe9346,43008609
醬油,甲等醬油,金蘭食品股份有限公司,PE桶[5L],黃豆;小麥;食鹽;液糖;調味劑0443;甘草萃;苯甲酸鈉,a02175296eda4a03bdef6526fd4605c6,43008609
醬油,老抽醬油,金蘭食品股份有限公司,玻璃瓶[590ml(20FL OZ)],黃豆;小麥;食鹽;砂糖;琥珀酸二鈉;甘草萃,3079c7810fd549fba6d61325029b4f72,43008609
醬油,老抽醬油,金蘭食品股份有限公司,玻璃瓶[295ml(10FL OZ)],小麥;干貝素;甘草萃;食鹽;食鹽-1;液糖;黃豆;黃豆-1;調味劑,4219f81c0d5041aeb9b48ed64f203e8c,43008609
醬油,自然甘甜精釀醬油,金蘭食品股份有限公司,PET[1500mL],非基因黃豆片;小麥;食鹽;液糖;調味劑0443;甘草萃,935061cbabe94ade84a2218c7e9e95e2,43008609
醬油,蓬萊淡色醬油,金蘭食品股份有限公司,PE桶[12kg],黃豆;小麥;食鹽;液糖;調味劑0443;甘草萃,40ecb1c24115433887470bfb66887d4a,43008609
醬油,蓬萊醬油,金蘭食品股份有限公司,PET瓶[1500ml],黃豆;小麥;食鹽;液糖;調味劑;甘草萃;苯甲酸,3453e6b97943456c9b152293f5581a67,43008609
醬油,蓬萊醬油,金蘭食品股份有限公司,PET瓶[5000ml],黃豆;小麥;食鹽;液糖;調味劑0443;甘草萃;苯甲酸鈉,7024928e7dc943f283a811fe0d72626d,43008609
醬油,蓬萊醬油(餐廳專用),金蘭食品股份有限公司,PET[5000ml],小麥;甘草萃;安息香酸鈉;食鹽;核酸;液糖;黃豆,3eeda23f91e047fd96fa287a73d6ef1d,43008609
醬油,薄鹽醬油,金蘭食品股份有限公司,玻璃瓶[150ml(5FL OZ)],小麥;甘草萃;食鹽;核酸;液糖;黃豆-1,5811c0a9110248979dc8bf9f0db22856,43008609
醬油,薄鹽醬油,金蘭食品股份有限公司,玻璃瓶[500ml],黃豆;小麥;食鹽;液糖;調味劑0443;甘草萃,504c59a93b114310bb22b0daa7731557,43008609
醬油,薄鹽醬油,金蘭食品股份有限公司,玻璃瓶[590ml(20FL OZ)],黃豆;小麥;食鹽;液糖;調味劑0443;甘草萃,542d43a917dc47b8a0424b9e1def1d3a,43008609
醬油,薏仁醬油,金蘭食品股份有限公司,玻璃瓶[590ml(20FL OZ)],小麥;干貝素;甘草萃;食鹽;食鹽-1;液糖;黃豆;黃豆-1;調味劑,e323e8b33f9f43fc8392db6c19f4e6bb,43008609
醬油,薏仁醬油,金蘭食品股份有限公司,玻璃瓶[500ml],小麥;干貝素;甘草萃;食鹽;食鹽-1;液糖;黃豆;黃豆-1;調味劑,aec163e777f9468f82e71b346f3c2830,43008609
醬油,辣油膏,金蘭食品股份有限公司,PET瓶[590ml],黃豆;小麥;食鹽;液糖;辣椒;澱粉;糯米;蔗糖素;甘草酸鈉;調味劑0443;對羥苯甲酸丁酯,e80f0a08db154a7fad5e3d992242d165,43008609
醬油,金蘭[淡色]醬油,金蘭食品股份有限公司,PET瓶[1600ml],小麥;甘草萃;食鹽;核酸;液糖;黃豆,2278bc71524046cb8dd50ba4179018a7,43008609
醬油,金蘭[淡色]醬油,金蘭食品股份有限公司,玻璃瓶[500ml],小麥;甘草萃;食鹽;核酸;液糖;黃豆,412801b1c1474ad28604239bb8bfc560,43008609
醬油,金蘭[淡色]醬油,金蘭食品股份有限公司,PET瓶[1500ml],黃豆;小麥;食鹽;砂糖;調味劑0443;甘草萃,bc4167ddf2044785aa81d7ffb529e107,43008609
醬油,金蘭[淡色]醬油,金蘭食品股份有限公司,PET瓶[5000ml],黃豆;小麥;食鹽;砂糖;調味劑0443;甘草萃,a7afbf07a57242e9ababb42b016155c2,43008609
醬油,金蘭[淡色]醬油,金蘭食品股份有限公司,玻璃瓶[590ml(20FL OZ)],小麥;甘草萃;食鹽;核酸;液糖;黃豆,fc8b93807dfe4d05805512f57ef5db03,43008609
醬油,金蘭御饌油膏,金蘭食品股份有限公司,玻璃瓶[500ml],黃豆;小麥;食鹽;液糖;澱粉;糯米;蔗糖素100;甘草酸鈉;調味劑0443;對羥苯甲酸丁酯,7df05a570d354cd2bbb4a6e842bf8374,43008609
醬油,金蘭油膏,金蘭食品股份有限公司,PE桶[5L],黃豆;小麥;食鹽;液糖;澱粉;糯米;蔗糖素;甘草酸鈉;調味劑0443;對羥苯甲酸丁酯,bc5d2d70a48b43dfb3ad9b7ce076a2ac,43008609
醬油,金蘭淡色醬油,金蘭食品股份有限公司,PE桶[24kg],黃豆;小麥;食鹽;砂糖;調味劑0443;甘草萃,aea18ad43fdf4620a3afc13d2b2b1606,43008609
醬油,金蘭淡色醬油,金蘭食品股份有限公司,PE桶[12kg],黃豆;小麥;食鹽;砂糖;調味劑0443;甘草萃,df06f9a533304c7eb7313645d5ff838a,43008609
醬油,金蘭精饌醬油,金蘭食品股份有限公司,PET瓶[1500mL],黃豆;小麥;食鹽;液糖;調味劑0443;甘草萃,5bb13146aa714c428509523ca9e150ec,43008609
醬油,金蘭醬油,金蘭食品股份有限公司,PE桶[24kg],黃豆;小麥;食鹽;液糖;調味劑0443;甘草萃,003d9d66b6614d32b0537712f71b19f4,43008609
醬油,金蘭醬油,金蘭食品股份有限公司,玻璃瓶[590ml(20FL OZ)],黃豆;小麥;食鹽;液糖;調味劑0443;甘草萃,0fbc111fb97c4c3aab1da2f534c00b97,43008609
醬油,金蘭醬油,金蘭食品股份有限公司,玻璃瓶[500ml],小麥;甘草萃;非基因黃豆片;食鹽;核酸;液糖,3c1611330eff41a9ac02b6c20825a54c,43008609
醬油,金蘭醬油,金蘭食品股份有限公司,PET瓶[5000ml],黃豆;小麥;食鹽;液糖;調味劑0443;甘草萃,6d752d803bae426b856586aabf499200,43008609
醬油,金蘭醬油,金蘭食品股份有限公司,PET瓶[590ml],黃豆;小麥;食鹽;液糖;調味劑0443;甘草萃,7fd0a3e1f8fa42c5b27edf034ca95cf6,43008609
醬油,金蘭醬油,金蘭食品股份有限公司,玻璃瓶[150ml(5FL OZ)],小麥;甘草萃;非基因黃豆片;食鹽;核酸;液糖,d6eeb9ca5047476fb0a19cc329024bef,43008609
醬油,金蘭醬油,金蘭食品股份有限公司,玻璃瓶[115ml],小麥;甘草萃;非基因黃豆片;食鹽;核酸;液糖,5c98275ea494491b8ad20f377bb97564,43008609
醬油,金蘭醬油,金蘭食品股份有限公司,PET瓶[1500ml],黃豆;小麥;食鹽;液糖;調味劑0443;甘草萃,757ebb3562a247268735a18ecdd9a9d1,43008609
醬油,金蘭醬油,金蘭食品股份有限公司,PET瓶[1600ml],小麥;甘草萃;非基因黃豆片;食鹽;核酸;液糖,44031b09c4264bf9a73866e8d6cd8ddf,43008609
醬油,金蘭醬油,金蘭食品股份有限公司,玻璃瓶[295ml(10FL OZ)],黃豆;小麥;食鹽;液糖;調味劑0443;甘草萃,c6df6a3a5dfb4674ab1c25cb4401927d,43008609
醬油,金蘭醬油,金蘭食品股份有限公司,PE桶[12kg],黃豆;小麥;食鹽;液糖;調味劑0443;甘草萃,2355bff5ed974ef8898ba3d47d394df6,43008609
醬油,金蘭醬油,金蘭食品股份有限公司,PET瓶[1000ml],黃豆;小麥;食鹽;液糖;調味劑0443;甘草萃,b5aa905324824564869168e884345c38,43008609
醬油,金蘭醬油,金蘭食品股份有限公司,PET瓶[2000ml],黃豆;小麥;食鹽;液糖;調味劑0443;甘草萃,eabb691eada34359937009cef70c6365,43008609
醬油,金蘭醬油,金蘭食品股份有限公司,PE桶[1gal],黃豆;小麥;食鹽;液糖;調味劑0443;甘草萃,f9e0fe1c0b2c42249c93760d7ead5a59,43008609
醬油,金蘭醬油,金蘭食品股份有限公司,PET瓶[850ml],黃豆;小麥;食鹽;液糖;調味劑;甘草萃,d646d1539ab746b68806669f43448138,43008609
醬油,陳年醬油,金蘭食品股份有限公司,玻璃瓶[590ml(20FL OZ)],黃豆;小麥;食鹽;液糖;調味劑0443;甘草萃,3672e8ba24ee46df903ecc16f703fe10,43008609
醬油,陳年醬油,金蘭食品股份有限公司,玻璃瓶[500ml],黃豆;小麥;食鹽;液糖;調味劑0443;甘草萃,31804ad14e8d4b1cb57140debf68a6d5,43008609
醬油,陳年香菇素蠔油,金蘭食品股份有限公司,PET瓶[590ml],小麥;甘草萃;食鹽;香菇香料;香菇精粉;液糖;黃豆;對羥苯甲酸;蔗糖素;調味劑;澱粉,e240756d5bb54ade867025542c2b829c,43008609
醬油,陳年香菇素蠔油,金蘭食品股份有限公司,PET瓶[1000ml],黃豆;小麥;食鹽;砂糖;澱粉;蔗糖素;甘草萃;調味劑0443;香菇香料;對羥苯甲酸丁酯,a7e2805ce0ad45cb91f9dcb3b0a37c28,43008609
醬油,餐廳醬油,金蘭食品股份有限公司,PE桶[12kg],非基因黃豆片;小麥;食鹽;液糖;調味劑0443;甘草萃;苯甲酸鈉,54afc60878244309b94adf6dc60aa520,43008609
醬油,餐廳醬油,金蘭食品股份有限公司,PE桶[1gal],非基因黃豆片;小麥;食鹽;液糖;調味劑0443;甘草萃;苯甲酸鈉,7fed9c41b75d41e5bd5fdce4b1b748d7,43008609
醬油,香菇素蠔油,金蘭食品股份有限公司,玻璃瓶[295ml],黃豆;小麥;食鹽;砂糖;澱粉;蔗糖素;甘草萃;調味劑0443;香菇香料;對羥苯甲酸丁酯,0915924ba2d641d0869ea712f8c72ee9,43008609
醬油,高抽醬油,金蘭食品股份有限公司,玻璃瓶[590ml(20FL OZ)],黃豆;小麥;食鹽;液糖;琥珀酸二鈉;甘草萃,8e6301a7b620497fafee8bab4da5545d,43008609
醬油,高抽醬油,金蘭食品股份有限公司,玻璃瓶[295ml(10FL OZ)],小麥;甘草萃;食鹽;核酸;液糖;黃豆,5936357690174d44a9205373f8601a87,43008609
醬油,高抽醬油,金蘭食品股份有限公司,PE桶[1gal],黃豆;小麥;食鹽;液糖;琥珀酸二鈉;甘草萃,289e13471cd54aaa8f24e08c50c8c991,43008609
醬油,鼓舌醬油,金蘭食品股份有限公司,玻璃瓶[590ml(20FL OZ)],黃豆;小麥;食鹽;液糖;調味劑0443;甘草萃,e9d215e01d9a4236adcf5be6f55facdf,43008609
醬油,鼓舌醬油,金蘭食品股份有限公司,玻璃瓶[500ml],小麥;小麥-1;干貝素;甘草萃;食鹽;食鹽-1;液糖;黃豆;黃豆-1;調味劑,ffc867f472d44059ac1c319c32671a23,43008609
調和油,味全不飽和精華調合油,頂新製油實業股份有限公司,PET[2L],黃豆油;棕櫚油;橄欖油;TWC-1;TWC-3;STSL;THL-15,436f36fd564241b6a6d4178d7bc31770,59066479
調和油,味全廚藝御品調合油,頂新製油實業股份有限公司,鐵桶[18L],黃豆油;棕櫚油;TWC-1;TWC-3,f1db522f5a40496491df32eaa7b5a9d2,59066479
調和油,巧師傅頂級美食油,頂新製油實業股份有限公司,鐵桶[18L],棕櫚油;黃豆油,cc58ad3700c343bb9f379bd1209a475f,59066479